Citing Journal,Cited Journal,Count
IEEE nanotechnology magazine,8,26.0
"Diagnostics (Basel, Switzerland)",9,242.0
Psychiatry and clinical psychopharmacology,10,45.0
Frontiers in neuroinformatics,11,4.0
Briefings in bioinformatics,19,8.0
Information processing in medical imaging : proceedings of the ... conference,23,14.0
"Journal of child psychology and psychiatry, and allied disciplines",30,12.0
The Journal of molecular diagnostics : JMD,36,7.0
Nature reviews. Genetics,39,4.0
"Sensors (Basel, Switzerland)",46,11.0
Human genomics,51,5.0
Frontiers in neurology,61,29.0
"Science (New York, N.Y.)",64,6.0
PLoS medicine,65,5.0
Medical image analysis,69,6.0
NeuroImage,72,6.0
Perspectives on behavior science,73,79.0
Protein science : a publication of the Protein Society,84,9.0
Frontiers in cell and developmental biology,85,9.0
Aerobiologia,86,5.0
Cancer biology & therapy,91,17.0
Genome biology,92,39.0
Nature communications,93,89.0
Molecular cancer research : MCR,100,6.0
"Bioinformatics (Oxford, England)",101,14.0
"Concussion (London, England)",103,54.0
Nature protocols,122,5.0
Cancer metastasis reviews,123,13.0
Annals of laboratory medicine,135,4.0
Molecular diagnosis & therapy,140,8.0
Journal of autism and developmental disorders,143,5.0
"Proceedings of the ACM on interactive, mobile, wearable and ubiquitous technologies",144,38.0
Asia Pacific allergy,148,18.0
Computational mechanics,153,17.0
Nature biotechnology,155,68.0
BMC bioinformatics,165,6.0
Frontiers in medicine,167,4.0
Virchows Archiv : an international journal of pathology,174,4.0
Biological psychiatry,177,10.0
Nature,187,34.0
Journal of orthopaedics,190,17.0
Nature medicine,191,42.0
Frontiers in genetics,197,7.0
Nature reviews. Neuroscience,199,5.0
Behavior research methods,202,22.0
Journal of hematology & oncology,203,15.0
EMBO molecular medicine,205,5.0
"Proceedings of the 2023 7th International Conference on Medical and Health Informatics (ICMHI 2023) : May 12-14, 2023, Kyoto, Japan. International Conference on Medical and Health Informatics (7th : 2023 : Kyoto, Japan)",213,29.0
Frontiers in digital health,219,5.0
Human brain mapping,225,15.0
"International journal of radiation oncology, biology, physics",228,6.0
Frontiers in aging neuroscience,231,16.0
GigaScience,233,5.0
"Structure (London, England : 1993)",234,4.0
Clinical cancer research : an official journal of the American Association for Cancer Research,238,15.0
"Allergy, asthma & immunology research",240,8.0
Information (Basel),242,14.0
Frontiers in oncology,256,28.0
Journal of clinical oncology : official journal of the American Society of Clinical Oncology,257,6.0
"Journal of computational and graphical statistics : a joint publication of American Statistical Association, Institute of Mathematical Statistics, Interface Foundation of North America",259,20.0
Child maltreatment,264,7.0
Brain communications,265,5.0
Cancer discovery,266,26.0
Medizinische Genetik : Mitteilungsblatt des Berufsverbandes Medizinische Genetik e.V,268,236.0
JAMA oncology,270,5.0
PLoS computational biology,276,7.0
PLoS biology,279,4.0
Cell reports. Medicine,283,5.0
Educational and psychological measurement,288,31.0
Cell research,289,6.0
Journal of medical Internet research,290,8.0
Journal for immunotherapy of cancer,293,35.0
Medical image computing and computer-assisted intervention : MICCAI ... International Conference on Medical Image Computing and Computer-Assisted Intervention,295,16.0
Frontiers in behavioral neuroscience,298,4.0
PloS one,301,40.0
Brain sciences,305,11.0
Molecular oncology,306,32.0
"RNA (New York, N.Y.)",307,5.0
Frontiers in neuroscience,309,5.0
Journal of econometrics,313,7.0
Computer methods and programs in biomedicine,320,14.0
Practical laboratory medicine,327,9.0
iScience,328,5.0
Cancers,333,68.0
AMIA ... Annual Symposium proceedings. AMIA Symposium,334,6.0
Alzheimer's & dementia : the journal of the Alzheimer's Association,336,8.0
eLife,344,8.0
Molecular cancer,351,51.0
mLife,359,19.0
Turkish journal of biology = Turk biyoloji dergisi,375,162.0
Proceedings of the National Academy of Sciences of the United States of America,377,94.0
Scientific reports,382,73.0
Psychoradiology,390,118.0
Precision clinical medicine,395,10.0
ACS applied electronic materials,397,8.0
Molecular autism,399,5.0
Juntendo Iji zasshi = Juntendo medical journal,400,16.0
Genome research,409,38.0
Research in autism spectrum disorders,417,4.0
Analytical science advances,428,7.0
NPJ precision oncology,431,4.0
Journal of big data,434,5.0
JCI insight,436,34.0
Nature methods,442,11.0
The journal of positive psychology,448,34.0
Current pathobiology reports,452,14.0
"Pharmaceuticals (Basel, Switzerland)",460,35.0
Molecular psychiatry,462,6.0
The British journal of psychiatry : the journal of mental science,468,5.0
Genome medicine,472,7.0
Autism research : official journal of the International Society for Autism Research,473,5.0
Computer methods in applied mechanics and engineering,482,8.0
The Journal of biological chemistry,483,4.0
An international journal on information fusion,485,4.0
Wellcome open research,488,24.0
Developmental cognitive neuroscience,490,6.0
"Journal of the Royal Society, Interface",492,10.0
Cellular and molecular life sciences : CMLS,493,4.0
Orthopaedic journal of sports medicine,495,5.0
Machine learning,501,9.0
Biomolecular detection and quantification,504,54.0
BMC medical research methodology,506,4.0
British journal of cancer,512,45.0
The journal of Tehran Heart Center,513,20.0
Nucleic acids research,514,7.0
Journal of biomedical optics,515,4.0
The Psychiatric quarterly,517,7.0
F1000Research,520,16.0
"Alzheimer's & dementia (Amsterdam, Netherlands)",523,4.0
Nature reviews. Cancer,527,37.0
Neuropsychopharmacology : official publication of the American College of Neuropsychopharmacology,530,8.0
Cognitive neurodynamics,535,107.0
Journal of affective disorders,543,7.0
Brain : a journal of neurology,546,9.0
... IEEE International Conference on Computer Vision workshops. IEEE International Conference on Computer Vision,551,8.0
Proceedings of the ACM on management of data,553,10.0
NPJ genomic medicine,559,10.0
Computational and structural biotechnology journal,563,6.0
Brain research,572,4.0
Nature machine intelligence,574,7.0
European archives of psychiatry and clinical neuroscience,580,10.0
"ICMI'22 Companion : companion publication of the 2022 International Conference on Multimodal Interaction : November 7-11, 2022, Bangalore, India. ICMI (Conference) (2022 : Bangalore, India)",583,14.0
Chemical product and process modeling,586,7.0
NPJ digital medicine,591,14.0
International journal of molecular sciences,592,30.0
IEEE International Conference on Smart Cloud,594,4.0
Science translational medicine,596,57.0
Cells,598,4.0
NeuroImage. Clinical,599,10.0
Clinical and translational medicine,604,7.0
Epigenetics,606,4.0
Psychological medicine,608,14.0
Engineering with computers,620,7.0
Journal of neurotrauma,626,5.0
